-- phpMyAdmin SQL Dump
-- version 5.0.1
-- https://www.phpmyadmin.net/
--
-- Host: 127.0.0.1
-- Generation Time: Feb 13, 2024 at 04:20 AM
-- Server version: 10.4.11-MariaDB
-- PHP Version: 7.4.2

SET SQL_MODE = "NO_AUTO_VALUE_ON_ZERO";
SET AUTOCOMMIT = 0;
START TRANSACTION;
SET time_zone = "+00:00";


/*!40101 SET @OLD_CHARACTER_SET_CLIENT=@@CHARACTER_SET_CLIENT */;
/*!40101 SET @OLD_CHARACTER_SET_RESULTS=@@CHARACTER_SET_RESULTS */;
/*!40101 SET @OLD_COLLATION_CONNECTION=@@COLLATION_CONNECTION */;
/*!40101 SET NAMES utf8mb4 */;

--
-- Database: `library`
--

-- --------------------------------------------------------

--
-- Table structure for table `admin`
--

CREATE TABLE `admin` (
  `id` int(11) NOT NULL,
  `FullName` varchar(100) DEFAULT NULL,
  `AdminEmail` varchar(120) DEFAULT NULL,
  `UserName` varchar(100) NOT NULL,
  `Password` varchar(100) NOT NULL,
  `updationDate` timestamp NOT NULL DEFAULT '0000-00-00 00:00:00' ON UPDATE current_timestamp()
) ENGINE=InnoDB DEFAULT CHARSET=latin1;

--
-- Dumping data for table `admin`
--

INSERT INTO `admin` (`id`, `FullName`, `AdminEmail`, `UserName`, `Password`, `updationDate`) VALUES
(2, 'Clive Dela Cruz', 'clive@yahoo.com', 'admin', '$2y$10$FFzv1Hf75YGyCAnN3LCu7uw7TFt4n1Z9JIVX62RdfIL2VLPxW8iq.', '2024-02-07 08:21:15'),
(3, 'miguel123', 'miguel@gmail.com', '091231412', '$2y$10$xk7kgEkn.c7h.bZ.7Z5l4.BCo/KJPALmRLA0i5kC3n3nMf3O2nvrm', '0000-00-00 00:00:00');

-- --------------------------------------------------------

--
-- Table structure for table `tblauthors`
--

CREATE TABLE `tblauthors` (
  `id` int(11) NOT NULL,
  `AuthorName` varchar(159) DEFAULT NULL,
  `creationDate` timestamp NULL DEFAULT current_timestamp(),
  `UpdationDate` timestamp NULL DEFAULT NULL ON UPDATE current_timestamp()
) ENGINE=InnoDB DEFAULT CHARSET=latin1;

--
-- Dumping data for table `tblauthors`
--

INSERT INTO `tblauthors` (`id`, `AuthorName`, `creationDate`, `UpdationDate`) VALUES
(1, 'Anuj kumar', '2017-07-08 12:49:09', '2017-07-08 15:16:59'),
(2, 'Chetan Bhagatt', '2017-07-08 14:30:23', '2017-07-08 15:15:09'),
(3, 'Anita Desai', '2017-07-08 14:35:08', NULL),
(4, 'HC Verma', '2017-07-08 14:35:21', NULL),
(5, 'R.D. Sharma ', '2017-07-08 14:35:36', NULL),
(9, 'fwdfrwer', '2017-07-08 15:22:03', NULL),
(10, 'Miguel Dela Rosa', '2024-02-12 07:20:27', NULL);

-- --------------------------------------------------------

--
-- Table structure for table `tblbooks`
--

CREATE TABLE `tblbooks` (
  `id` int(11) NOT NULL,
  `BookName` varchar(255) DEFAULT NULL,
  `CatId` int(11) DEFAULT NULL,
  `AuthorId` int(11) DEFAULT NULL,
  `ISBNNumber` int(11) DEFAULT NULL,
  `BookPrice` int(11) DEFAULT NULL,
  `RegDate` timestamp NULL DEFAULT current_timestamp(),
  `UpdationDate` timestamp NULL DEFAULT NULL ON UPDATE current_timestamp()
) ENGINE=InnoDB DEFAULT CHARSET=latin1;

--
-- Dumping data for table `tblbooks`
--

INSERT INTO `tblbooks` (`id`, `BookName`, `CatId`, `AuthorId`, `ISBNNumber`, `BookPrice`, `RegDate`, `UpdationDate`) VALUES
(1, 'PHP And MySql programming', 5, 1, 222333, 20, '2017-07-08 20:04:55', '2017-07-15 05:54:41'),
(3, 'physics', 6, 4, 1111, 15, '2017-07-08 20:17:31', '2017-07-15 06:13:17'),
(4, 'Book2', 5, 3, 123456, 0, '2024-02-12 02:24:28', NULL),
(5, 'BOOK3', 5, 2, 3848585, 20, '2024-02-13 01:32:29', NULL);

-- --------------------------------------------------------

--
-- Table structure for table `tblcategory`
--

CREATE TABLE `tblcategory` (
  `id` int(11) NOT NULL,
  `CategoryName` varchar(150) DEFAULT NULL,
  `Status` int(1) DEFAULT NULL,
  `CreationDate` timestamp NULL DEFAULT current_timestamp(),
  `UpdationDate` timestamp NULL DEFAULT '0000-00-00 00:00:00' ON UPDATE current_timestamp()
) ENGINE=InnoDB DEFAULT CHARSET=latin1;

--
-- Dumping data for table `tblcategory`
--

INSERT INTO `tblcategory` (`id`, `CategoryName`, `Status`, `CreationDate`, `UpdationDate`) VALUES
(4, 'Romantic', 1, '2017-07-04 18:35:25', '2024-02-12 07:20:15'),
(5, 'Technology', 1, '2017-07-04 18:35:39', '2017-07-08 17:13:03'),
(6, 'Science', 1, '2017-07-04 18:35:55', '0000-00-00 00:00:00'),
(7, 'Management', 1, '2017-07-04 18:36:16', '2024-02-12 05:36:29');

-- --------------------------------------------------------

--
-- Table structure for table `tblissuedbookdetails`
--

CREATE TABLE `tblissuedbookdetails` (
  `id` int(11) NOT NULL,
  `BookId` int(11) DEFAULT NULL,
  `StudentID` varchar(150) DEFAULT NULL,
  `IssuesDate` timestamp NULL DEFAULT current_timestamp(),
  `ReturnDate` timestamp NULL DEFAULT NULL ON UPDATE current_timestamp(),
  `ReturnStatus` int(1) DEFAULT NULL,
  `fine` int(11) DEFAULT NULL
) ENGINE=InnoDB DEFAULT CHARSET=latin1;

--
-- Dumping data for table `tblissuedbookdetails`
--

INSERT INTO `tblissuedbookdetails` (`id`, `BookId`, `StudentID`, `IssuesDate`, `ReturnDate`, `ReturnStatus`, `fine`) VALUES
(1, 1, 'SID002', '2017-07-15 06:09:47', '2024-02-08 06:14:26', 1, 5),
(2, 1, 'SID002', '2017-07-15 06:12:27', '2017-07-15 11:15:23', 1, 5),
(3, 3, 'SID002', '2017-07-15 06:13:40', '2024-02-07 05:45:03', 1, 0),
(4, 3, 'SID002', '2017-07-15 06:23:23', '2017-07-15 11:22:29', 1, 2),
(5, 1, 'SID009', '2017-07-15 10:59:26', NULL, 0, NULL),
(6, 3, 'SID011', '2017-07-15 18:02:55', '2024-02-07 05:46:06', 1, 0),
(7, 3, 'SID002', '2024-02-07 01:42:59', '2024-02-07 05:52:16', 1, 5),
(16, 3, 'SID013', '2024-02-12 02:11:12', '2024-02-12 02:53:23', 1, 0),
(17, 3, 'SID013', '2024-02-12 02:51:21', '2024-02-12 02:52:36', 1, 25),
(18, 4, 'SID013', '2024-02-12 03:01:03', '2024-02-12 03:46:51', 1, 105),
(19, 3, 'SID014', '2024-02-12 07:55:48', '2024-02-12 07:56:44', 1, 0),
(20, 1, 'SID014', '2024-02-12 07:57:22', '2024-02-12 07:58:16', 1, 25),
(21, 5, 'SID014', '2024-02-13 01:31:43', '2024-02-13 01:33:50', NULL, NULL),
(22, 5, 'SID013', '2024-02-13 01:32:48', '2024-02-13 01:38:42', 1, 0),
(23, 5, 'SID013', '2024-02-13 01:35:57', '2024-02-13 01:38:51', 1, 12);

-- --------------------------------------------------------

--
-- Table structure for table `tblstudents`
--

CREATE TABLE `tblstudents` (
  `id` int(11) NOT NULL,
  `StudentId` varchar(100) DEFAULT NULL,
  `FullName` varchar(120) DEFAULT NULL,
  `EmailId` varchar(120) DEFAULT NULL,
  `MobileNumber` char(11) DEFAULT NULL,
  `Password` varchar(120) DEFAULT NULL,
  `Status` int(1) DEFAULT NULL,
  `RegDate` timestamp NULL DEFAULT current_timestamp(),
  `UpdationDate` timestamp NULL DEFAULT NULL ON UPDATE current_timestamp()
) ENGINE=InnoDB DEFAULT CHARSET=latin1;

--
-- Dumping data for table `tblstudents`
--

INSERT INTO `tblstudents` (`id`, `StudentId`, `FullName`, `EmailId`, `MobileNumber`, `Password`, `Status`, `RegDate`, `UpdationDate`) VALUES
(1, 'SID002', 'Andrew Braza', 'andrew1@gmail.com', '0912351231', '$2y$10$nzdoDXCGneL3NDnrDCZqqetX8ql4YrqNQE4aa5qd2C48doTVGGE8m', 1, '2017-07-11 15:37:05', '2024-02-13 02:48:55'),
(4, 'SID005', 'John Roberts', 'john@yahoo.com', '8569710025', 'e10adc3949ba59abbe56e057f20f883e', 1, '2017-07-11 15:41:27', '2024-02-08 03:58:59'),
(9, 'SID010', 'Rey Tejada', 'rey@gmail.com', '8585856224', 'f925916e2754e5e03f75dd58a5733251', 1, '2017-07-15 13:40:30', '2024-02-07 06:40:15'),
(10, 'SID011', 'Clide Louie', 'CLIDE@gmail.com', '4672423754', 'f925916e2754e5e03f75dd58a5733251', 0, '2017-07-15 18:00:59', '2024-02-12 07:17:21'),
(11, 'SID012', 'Clive Dela Cruz', 'clive21@yahoo.com', '0945208280', '21232f297a57a5a743894a0e4a801fc3', 1, '2019-04-11 13:46:30', '2024-02-12 05:19:13'),
(15, 'SID013', 'migueldelarosa', 'miguel@gmail.com', '1231321323', '$2y$10$hR0rc6Oz.iaaCyIA9.IWA.qgqkpQaXfYO4NZpjjQsw7Dlt711uBlq', 1, '2024-02-08 09:27:50', '2024-02-13 01:32:42'),
(16, 'SID014', 'Derick Rodaje', 'rodajejohnderick@gmail.com', '849840506', '$2y$10$rrJILyPiqWvzag2xiSSFv.dDc.32eZ3mO1mE5FrlPGHXwayRUYyHG', 1, '2024-02-12 07:54:42', '2024-02-12 07:57:13');

--
-- Indexes for dumped tables
--

--
-- Indexes for table `admin`
--
ALTER TABLE `admin`
  ADD PRIMARY KEY (`id`);

--
-- Indexes for table `tblauthors`
--
ALTER TABLE `tblauthors`
  ADD PRIMARY KEY (`id`);

--
-- Indexes for table `tblbooks`
--
ALTER TABLE `tblbooks`
  ADD PRIMARY KEY (`id`);

--
-- Indexes for table `tblcategory`
--
ALTER TABLE `tblcategory`
  ADD PRIMARY KEY (`id`);

--
-- Indexes for table `tblissuedbookdetails`
--
ALTER TABLE `tblissuedbookdetails`
  ADD PRIMARY KEY (`id`);

--
-- Indexes for table `tblstudents`
--
ALTER TABLE `tblstudents`
  ADD PRIMARY KEY (`id`),
  ADD UNIQUE KEY `StudentId` (`StudentId`);

--
-- AUTO_INCREMENT for dumped tables
--

--
-- AUTO_INCREMENT for table `admin`
--
ALTER TABLE `admin`
  MODIFY `id` int(11) NOT NULL AUTO_INCREMENT, AUTO_INCREMENT=4;

--
-- AUTO_INCREMENT for table `tblauthors`
--
ALTER TABLE `tblauthors`
  MODIFY `id` int(11) NOT NULL AUTO_INCREMENT, AUTO_INCREMENT=11;

--
-- AUTO_INCREMENT for table `tblbooks`
--
ALTER TABLE `tblbooks`
  MODIFY `id` int(11) NOT NULL AUTO_INCREMENT, AUTO_INCREMENT=6;

--
-- AUTO_INCREMENT for table `tblcategory`
--
ALTER TABLE `tblcategory`
  MODIFY `id` int(11) NOT NULL AUTO_INCREMENT, AUTO_INCREMENT=8;

--
-- AUTO_INCREMENT for table `tblissuedbookdetails`
--
ALTER TABLE `tblissuedbookdetails`
  MODIFY `id` int(11) NOT NULL AUTO_INCREMENT, AUTO_INCREMENT=24;

--
-- AUTO_INCREMENT for table `tblstudents`
--
ALTER TABLE `tblstudents`
  MODIFY `id` int(11) NOT NULL AUTO_INCREMENT, AUTO_INCREMENT=17;
COMMIT;

/*!40101 SET CHARACTER_SET_CLIENT=@OLD_CHARACTER_SET_CLIENT */;
/*!40101 SET CHARACTER_SET_RESULTS=@OLD_CHARACTER_SET_RESULTS */;
/*!40101 SET COLLATION_CONNECTION=@OLD_COLLATION_CONNECTION */;
